addr,input_hex,input_value,output_hex,output_value
0,0000,0.000000,0000,0.000000
1,0020,0.015625,0800,0.015625
2,0040,0.015625,0800,0.015625
3,0060,0.031250,0810,0.015869
4,0080,0.015625,0800,0.015625
5,00A0,0.023438,0800,0.015625
6,00C0,0.031250,0810,0.015869
7,00E0,0.046875,0A24,0.023987
8,0100,0.015625,0800,0.015625
9,0120,0.019531,0800,0.015625
10,0140,0.023438,0800,0.015625
11,0160,0.027344,0800,0.015625
12,0180,0.031250,0810,0.015869
13,01A0,0.039062,0919,0.019913
14,01C0,0.046875,0A24,0.023987
15,01E0,0.054688,0B31,0.028091
16,0200,0.015625,0800,0.015625
17,0220,0.017578,0800,0.015625
18,0240,0.019531,0800,0.015625
19,0260,0.021484,0800,0.015625
20,0280,0.023438,0800,0.015625
21,02A0,0.025391,0800,0.015625
22,02C0,0.027344,0800,0.015625
23,02E0,0.029297,0800,0.015625
24,0300,0.031250,0810,0.015869
25,0320,0.035156,0894,0.017883
26,0340,0.039062,0919,0.019913
27,0360,0.042969,099E,0.021942
28,0380,0.046875,0A24,0.023987
29,03A0,0.050781,0AAA,0.026031
30,03C0,0.054688,0B31,0.028091
31,03E0,0.058594,0BB8,0.030151
32,0400,0.015625,0800,0.015625
33,0420,0.016602,0800,0.015625
34,0440,0.017578,0800,0.015625
35,0460,0.018555,0800,0.015625
36,0480,0.019531,0800,0.015625
37,04A0,0.020508,0800,0.015625
38,04C0,0.021484,0800,0.015625
39,04E0,0.022461,0800,0.015625
40,0500,0.023438,0800,0.015625
41,0520,0.024414,0800,0.015625
42,0540,0.025391,0800,0.015625
43,0560,0.026367,0800,0.015625
44,0580,0.027344,0800,0.015625
45,05A0,0.028320,0800,0.015625
46,05C0,0.029297,0800,0.015625
47,05E0,0.030273,0800,0.015625
48,0600,0.031250,0810,0.015869
49,0620,0.033203,0852,0.016876
50,0640,0.035156,0894,0.017883
51,0660,0.037109,08D7,0.018906
52,0680,0.039062,0919,0.019913
53,06A0,0.041016,095C,0.020935
54,06C0,0.042969,099E,0.021942
55,06E0,0.044922,09E1,0.022964
56,0700,0.046875,0A24,0.023987
57,0720,0.048828,0A67,0.025009
58,0740,0.050781,0AAA,0.026031
59,0760,0.052734,0AEE,0.027069
60,0780,0.054688,0B31,0.028091
61,07A0,0.056641,0B75,0.029129
62,07C0,0.058594,0BB8,0.030151
63,07E0,0.060547,0BFC,0.031189
64,0800,0.015625,0800,0.015625
65,0820,0.016113,0800,0.015625
66,0840,0.016602,0800,0.015625
67,0860,0.017090,0800,0.015625
68,0880,0.017578,0800,0.015625
69,08A0,0.018066,0800,0.015625
70,08C0,0.018555,0800,0.015625
71,08E0,0.019043,0800,0.015625
72,0900,0.019531,0800,0.015625
73,0920,0.020020,0800,0.015625
74,0940,0.020508,0800,0.015625
75,0960,0.020996,0800,0.015625
76,0980,0.021484,0800,0.015625
77,09A0,0.021973,0800,0.015625
78,09C0,0.022461,0800,0.015625
79,09E0,0.022949,0800,0.015625
80,0A00,0.023438,0800,0.015625
81,0A20,0.023926,0800,0.015625
82,0A40,0.024414,0800,0.015625
83,0A60,0.024902,0800,0.015625
84,0A80,0.025391,0800,0.015625
85,0AA0,0.025879,0800,0.015625
86,0AC0,0.026367,0800,0.015625
87,0AE0,0.026855,0800,0.015625
88,0B00,0.027344,0800,0.015625
89,0B20,0.027832,0800,0.015625
90,0B40,0.028320,0800,0.015625
91,0B60,0.028809,0800,0.015625
92,0B80,0.029297,0800,0.015625
93,0BA0,0.029785,0800,0.015625
94,0BC0,0.030273,0800,0.015625
95,0BE0,0.030762,0800,0.015625
96,0C00,0.031250,0810,0.015869
97,0C20,0.032227,0831,0.016373
98,0C40,0.033203,0852,0.016876
99,0C60,0.034180,0873,0.017380
100,0C80,0.035156,0894,0.017883
101,0CA0,0.036133,08B5,0.018387
102,0CC0,0.037109,08D7,0.018906
103,0CE0,0.038086,08F8,0.019409
104,0D00,0.039062,0919,0.019913
105,0D20,0.040039,093A,0.020416
106,0D40,0.041016,095C,0.020935
107,0D60,0.041992,097D,0.021439
108,0D80,0.042969,099E,0.021942
109,0DA0,0.043945,09C0,0.022461
110,0DC0,0.044922,09E1,0.022964
111,0DE0,0.045898,0A03,0.023483
112,0E00,0.046875,0A24,0.023987
113,0E20,0.047852,0A46,0.024506
114,0E40,0.048828,0A67,0.025009
115,0E60,0.049805,0A89,0.025528
116,0E80,0.050781,0AAA,0.026031
117,0EA0,0.051758,0ACC,0.026550
118,0EC0,0.052734,0AEE,0.027069
119,0EE0,0.053711,0B0F,0.027573
120,0F00,0.054688,0B31,0.028091
121,0F20,0.055664,0B53,0.028610
122,0F40,0.056641,0B75,0.029129
123,0F60,0.057617,0B96,0.029633
124,0F80,0.058594,0BB8,0.030151
125,0FA0,0.059570,0BDA,0.030670
126,0FC0,0.060547,0BFC,0.031189
127,0FE0,0.061523,0C0F,0.031708
128,1000,0.062500,0C20,0.032227
129,1020,0.063477,0C31,0.032745
130,1040,0.064453,0C42,0.033264
131,1060,0.065430,0C53,0.033783
132,1080,0.066406,0C64,0.034302
133,10A0,0.067383,0C75,0.034821
134,10C0,0.068359,0C86,0.035339
135,10E0,0.069336,0C97,0.035858
136,1100,0.070312,0CA8,0.036377
137,1120,0.071289,0CBA,0.036926
138,1140,0.072266,0CCB,0.037445
139,1160,0.073242,0CDC,0.037964
140,1180,0.074219,0CED,0.038483
141,11A0,0.075195,0CFE,0.039001
142,11C0,0.076172,0D10,0.039551
143,11E0,0.077148,0D21,0.040070
144,1200,0.078125,0D32,0.040588
145,1220,0.079102,0D43,0.041107
146,1240,0.080078,0D55,0.041656
147,1260,0.081055,0D66,0.042175
148,1280,0.082031,0D77,0.042694
149,12A0,0.083008,0D88,0.043213
150,12C0,0.083984,0D9A,0.043762
151,12E0,0.084961,0DAB,0.044281
152,1300,0.085938,0DBC,0.044800
153,1320,0.086914,0DCE,0.045349
154,1340,0.087891,0DDF,0.045868
155,1360,0.088867,0DF1,0.046417
156,1380,0.089844,0E02,0.046936
157,13A0,0.090820,0E14,0.047485
158,13C0,0.091797,0E25,0.048004
159,13E0,0.092773,0E36,0.048523
160,1400,0.093750,0E48,0.049072
161,1420,0.094727,0E59,0.049591
162,1440,0.095703,0E6B,0.050140
163,1460,0.096680,0E7D,0.050690
164,1480,0.097656,0E8E,0.051208
165,14A0,0.098633,0EA0,0.051758
166,14C0,0.099609,0EB1,0.052277
167,14E0,0.100586,0EC3,0.052826
168,1500,0.101562,0ED4,0.053345
169,1520,0.102539,0EE6,0.053894
170,1540,0.103516,0EF8,0.054443
171,1560,0.104492,0F09,0.054962
172,1580,0.105469,0F1B,0.055511
173,15A0,0.106445,0F2D,0.056061
174,15C0,0.107422,0F3E,0.056580
175,15E0,0.108398,0F50,0.057129
176,1600,0.109375,0F62,0.057678
177,1620,0.110352,0F74,0.058228
178,1640,0.111328,0F85,0.058746
179,1660,0.112305,0F97,0.059296
180,1680,0.113281,0FA9,0.059845
181,16A0,0.114258,0FBB,0.060394
182,16C0,0.115234,0FCD,0.060944
183,16E0,0.116211,0FDF,0.061493
184,1700,0.117188,0FF0,0.062012
185,1720,0.118164,1002,0.062561
186,1740,0.119141,1014,0.063110
187,1760,0.120117,1026,0.063660
188,1780,0.121094,1038,0.064209
189,17A0,0.122070,104A,0.064758
190,17C0,0.123047,105C,0.065308
191,17E0,0.124023,106E,0.065857
192,1800,0.125000,1080,0.066406
193,1820,0.126953,10A4,0.067505
194,1840,0.128906,10C8,0.068604
195,1860,0.130859,10EC,0.069702
196,1880,0.132812,1110,0.070801
197,18A0,0.134766,1135,0.071930
198,18C0,0.136719,1159,0.073029
199,18E0,0.138672,117D,0.074127
200,1900,0.140625,11A2,0.075256
201,1920,0.142578,11C6,0.076355
202,1940,0.144531,11EB,0.077484
203,1960,0.146484,120F,0.078583
204,1980,0.148438,1234,0.079712
205,19A0,0.150391,1259,0.080841
206,19C0,0.152344,127E,0.081970
207,19E0,0.154297,12A3,0.083099
208,1A00,0.156250,12C8,0.084229
209,1A20,0.158203,12ED,0.085358
210,1A40,0.160156,1312,0.086487
211,1A60,0.162109,1337,0.087616
212,1A80,0.164062,135C,0.088745
213,1AA0,0.166016,1381,0.089874
214,1AC0,0.167969,13A7,0.091034
215,1AE0,0.169922,13CC,0.092163
216,1B00,0.171875,13F1,0.093292
217,1B20,0.173828,1417,0.094452
218,1B40,0.175781,143C,0.095581
219,1B60,0.177734,1462,0.096741
220,1B80,0.179688,1488,0.097900
221,1BA0,0.181641,14AE,0.099060
222,1BC0,0.183594,14D3,0.100189
223,1BE0,0.185547,14F9,0.101349
224,1C00,0.187500,151F,0.102509
225,1C20,0.189453,1545,0.103668
226,1C40,0.191406,156B,0.104828
227,1C60,0.193359,1591,0.105988
228,1C80,0.195312,15B8,0.107178
229,1CA0,0.197266,15DE,0.108337
230,1CC0,0.199219,1604,0.109497
231,1CE0,0.201172,162A,0.110657
232,1D00,0.203125,1651,0.111847
233,1D20,0.205078,1677,0.113007
234,1D40,0.207031,169E,0.114197
235,1D60,0.208984,16C4,0.115356
236,1D80,0.210938,16EB,0.116547
237,1DA0,0.212891,1712,0.117737
238,1DC0,0.214844,1739,0.118927
239,1DE0,0.216797,1760,0.120117
240,1E00,0.218750,1786,0.121277
241,1E20,0.220703,17AD,0.122467
242,1E40,0.222656,17D4,0.123657
243,1E60,0.224609,17FC,0.124878
244,1E80,0.226562,1811,0.126038
245,1EA0,0.228516,1825,0.127258
246,1EC0,0.230469,1839,0.128479
247,1EE0,0.232422,184C,0.129639
248,1F00,0.234375,1860,0.130859
249,1F20,0.236328,1874,0.132080
250,1F40,0.238281,1887,0.133240
251,1F60,0.240234,189B,0.134460
252,1F80,0.242188,18AF,0.135681
253,1FA0,0.244141,18C3,0.136902
254,1FC0,0.246094,18D7,0.138123
255,1FE0,0.248047,18EB,0.139343
256,2000,0.250000,18FF,0.140564
257,2020,0.251953,1913,0.141785
258,2040,0.253906,1927,0.143005
259,2060,0.255859,193B,0.144226
260,2080,0.257812,194F,0.145447
261,20A0,0.259766,1963,0.146667
262,20C0,0.261719,1977,0.147888
263,20E0,0.263672,198B,0.149109
264,2100,0.265625,199F,0.150330
265,2120,0.267578,19B4,0.151611
266,2140,0.269531,19C8,0.152832
267,2160,0.271484,19DC,0.154053
268,2180,0.273438,19F0,0.155273
269,21A0,0.275391,1A05,0.156555
270,21C0,0.277344,1A19,0.157776
271,21E0,0.279297,1A2D,0.158997
272,2200,0.281250,1A42,0.160278
273,2220,0.283203,1A56,0.161499
274,2240,0.285156,1A6B,0.162781
275,2260,0.287109,1A7F,0.164001
276,2280,0.289062,1A94,0.165283
277,22A0,0.291016,1AA8,0.166504
278,22C0,0.292969,1ABD,0.167786
279,22E0,0.294922,1AD2,0.169067
280,2300,0.296875,1AE6,0.170288
281,2320,0.298828,1AFB,0.171570
282,2340,0.300781,1B10,0.172852
283,2360,0.302734,1B25,0.174133
284,2380,0.304688,1B39,0.175354
285,23A0,0.306641,1B4E,0.176636
286,23C0,0.308594,1B63,0.177917
287,23E0,0.310547,1B78,0.179199
288,2400,0.312500,1B8D,0.180481
289,2420,0.314453,1BA2,0.181763
290,2440,0.316406,1BB7,0.183044
291,2460,0.318359,1BCC,0.184326
292,2480,0.320312,1BE1,0.185608
293,24A0,0.322266,1BF6,0.186890
294,24C0,0.324219,1C0B,0.188171
295,24E0,0.326172,1C20,0.189453
296,2500,0.328125,1C35,0.190735
297,2520,0.330078,1C4A,0.192017
298,2540,0.332031,1C5F,0.193298
299,2560,0.333984,1C75,0.194641
300,2580,0.335938,1C8A,0.195923
301,25A0,0.337891,1C9F,0.197205
302,25C0,0.339844,1CB5,0.198547
303,25E0,0.341797,1CCA,0.199829
304,2600,0.343750,1CDF,0.201111
305,2620,0.345703,1CF5,0.202454
306,2640,0.347656,1D0A,0.203735
307,2660,0.349609,1D20,0.205078
308,2680,0.351562,1D35,0.206360
309,26A0,0.353516,1D4B,0.207703
310,26C0,0.355469,1D60,0.208984
311,26E0,0.357422,1D76,0.210327
312,2700,0.359375,1D8B,0.211609
313,2720,0.361328,1DA1,0.212952
314,2740,0.363281,1DB7,0.214294
315,2760,0.365234,1DCC,0.215576
316,2780,0.367188,1DE2,0.216919
317,27A0,0.369141,1DF8,0.218262
318,27C0,0.371094,1E0E,0.219604
319,27E0,0.373047,1E23,0.220886
320,2800,0.375000,1E39,0.222229
321,2820,0.376953,1E4F,0.223572
322,2840,0.378906,1E65,0.224915
323,2860,0.380859,1E7B,0.226257
324,2880,0.382812,1E91,0.227600
325,28A0,0.384766,1EA7,0.228943
326,28C0,0.386719,1EBD,0.230286
327,28E0,0.388672,1ED3,0.231628
328,2900,0.390625,1EE9,0.232971
329,2920,0.392578,1EFF,0.234314
330,2940,0.394531,1F15,0.235657
331,2960,0.396484,1F2C,0.237061
332,2980,0.398438,1F42,0.238403
333,29A0,0.400391,1F58,0.239746
334,29C0,0.402344,1F6E,0.241089
335,29E0,0.404297,1F85,0.242493
336,2A00,0.406250,1F9B,0.243835
337,2A20,0.408203,1FB1,0.245178
338,2A40,0.410156,1FC8,0.246582
339,2A60,0.412109,1FDE,0.247925
340,2A80,0.414062,1FF4,0.249268
341,2AA0,0.416016,200B,0.250671
342,2AC0,0.417969,2021,0.252014
343,2AE0,0.419922,2038,0.253418
344,2B00,0.421875,204E,0.254761
345,2B20,0.423828,2065,0.256165
346,2B40,0.425781,207C,0.257568
347,2B60,0.427734,2092,0.258911
348,2B80,0.429688,20A9,0.260315
349,2BA0,0.431641,20C0,0.261719
350,2BC0,0.433594,20D6,0.263062
351,2BE0,0.435547,20ED,0.264465
352,2C00,0.437500,2104,0.265869
353,2C20,0.439453,211B,0.267273
354,2C40,0.441406,2131,0.268616
355,2C60,0.443359,2148,0.270020
356,2C80,0.445312,215F,0.271423
357,2CA0,0.447266,2176,0.272827
358,2CC0,0.449219,218D,0.274231
359,2CE0,0.451172,21A4,0.275635
360,2D00,0.453125,21BB,0.277039
361,2D20,0.455078,21D2,0.278442
362,2D40,0.457031,21E9,0.279846
363,2D60,0.458984,2200,0.281250
364,2D80,0.460938,2217,0.282654
365,2DA0,0.462891,222E,0.284058
366,2DC0,0.464844,2245,0.285461
367,2DE0,0.466797,225D,0.286926
368,2E00,0.468750,2274,0.288330
369,2E20,0.470703,228B,0.289734
370,2E40,0.472656,22A2,0.291138
371,2E60,0.474609,22BA,0.292603
372,2E80,0.476562,22D1,0.294006
373,2EA0,0.478516,22E8,0.295410
374,2EC0,0.480469,2300,0.296875
375,2EE0,0.482422,2317,0.298279
376,2F00,0.484375,232F,0.299744
377,2F20,0.486328,2346,0.301147
378,2F40,0.488281,235E,0.302612
379,2F60,0.490234,2375,0.304016
380,2F80,0.492188,238D,0.305481
381,2FA0,0.494141,23A4,0.306885
382,2FC0,0.496094,23BC,0.308350
383,2FE0,0.498047,23D4,0.309814
384,3000,0.500000,23EB,0.311218
385,3020,0.503906,241B,0.314148
386,3040,0.507812,244A,0.317017
387,3060,0.511719,247A,0.319946
388,3080,0.515625,24A9,0.322815
389,30A0,0.519531,24D9,0.325745
390,30C0,0.523438,2509,0.328674
391,30E0,0.527344,2539,0.331604
392,3100,0.531250,256A,0.334595
393,3120,0.535156,259A,0.337524
394,3140,0.539062,25CA,0.340454
395,3160,0.542969,25FB,0.343445
396,3180,0.546875,262B,0.346375
397,31A0,0.550781,265C,0.349365
398,31C0,0.554688,268D,0.352356
399,31E0,0.558594,26BE,0.355347
400,3200,0.562500,26EF,0.358337
401,3220,0.566406,2720,0.361328
402,3240,0.570312,2751,0.364319
403,3260,0.574219,2783,0.367371
404,3280,0.578125,27B4,0.370361
405,32A0,0.582031,27E6,0.373413
406,32C0,0.585938,2817,0.376404
407,32E0,0.589844,2849,0.379456
408,3300,0.593750,287B,0.382507
409,3320,0.597656,28AD,0.385559
410,3340,0.601562,28DF,0.388611
411,3360,0.605469,2911,0.391663
412,3380,0.609375,2944,0.394775
413,33A0,0.613281,2976,0.397827
414,33C0,0.617188,29A9,0.400940
415,33E0,0.621094,29DB,0.403992
416,3400,0.625000,2A0E,0.407104
417,3420,0.628906,2A41,0.410217
418,3440,0.632812,2A74,0.413330
419,3460,0.636719,2AA7,0.416443
420,3480,0.640625,2ADA,0.419556
421,34A0,0.644531,2B0D,0.422668
422,34C0,0.648438,2B40,0.425781
423,34E0,0.652344,2B74,0.428955
424,3500,0.656250,2BA7,0.432068
425,3520,0.660156,2BDB,0.435242
426,3540,0.664062,2C0F,0.438416
427,3560,0.667969,2C43,0.441589
428,3580,0.671875,2C76,0.444702
429,35A0,0.675781,2CAA,0.447876
430,35C0,0.679688,2CDF,0.451111
431,35E0,0.683594,2D13,0.454285
432,3600,0.687500,2D47,0.457458
433,3620,0.691406,2D7C,0.460693
434,3640,0.695312,2DB0,0.463867
435,3660,0.699219,2DE5,0.467102
436,3680,0.703125,2E1A,0.470337
437,36A0,0.707031,2E4E,0.473511
438,36C0,0.710938,2E83,0.476746
439,36E0,0.714844,2EB8,0.479980
440,3700,0.718750,2EED,0.483215
441,3720,0.722656,2F23,0.486511
442,3740,0.726562,2F58,0.489746
443,3760,0.730469,2F8D,0.492981
444,3780,0.734375,2FC3,0.496277
445,37A0,0.738281,2FF8,0.499512
446,37C0,0.742188,3017,0.502808
447,37E0,0.746094,3032,0.506104
448,3800,0.750000,304D,0.509399
449,3820,0.753906,3068,0.512695
450,3840,0.757812,3083,0.515991
451,3860,0.761719,309E,0.519287
452,3880,0.765625,30B9,0.522583
453,38A0,0.769531,30D4,0.525879
454,38C0,0.773438,30EF,0.529175
455,38E0,0.777344,310B,0.532593
456,3900,0.781250,3126,0.535889
457,3920,0.785156,3141,0.539185
458,3940,0.789062,315D,0.542603
459,3960,0.792969,3178,0.545898
460,3980,0.796875,3194,0.549316
461,39A0,0.800781,31AF,0.552612
462,39C0,0.804688,31CB,0.556030
463,39E0,0.808594,31E7,0.559448
464,3A00,0.812500,3202,0.562744
465,3A20,0.816406,321E,0.566162
466,3A40,0.820312,323A,0.569580
467,3A60,0.824219,3256,0.572998
468,3A80,0.828125,3271,0.576294
469,3AA0,0.832031,328D,0.579712
470,3AC0,0.835938,32A9,0.583130
471,3AE0,0.839844,32C5,0.586548
472,3B00,0.843750,32E1,0.589966
473,3B20,0.847656,32FD,0.593384
474,3B40,0.851562,3319,0.596802
475,3B60,0.855469,3336,0.600342
476,3B80,0.859375,3352,0.603760
477,3BA0,0.863281,336E,0.607178
478,3BC0,0.867188,338A,0.610596
479,3BE0,0.871094,33A7,0.614136
480,3C00,0.875000,33C3,0.617554
481,3C20,0.878906,33DF,0.620972
482,3C40,0.882812,33FC,0.624512
483,3C60,0.886719,3418,0.627930
484,3C80,0.890625,3435,0.631470
485,3CA0,0.894531,3452,0.635010
486,3CC0,0.898438,346E,0.638428
487,3CE0,0.902344,348B,0.641968
488,3D00,0.906250,34A8,0.645508
489,3D20,0.910156,34C4,0.648926
490,3D40,0.914062,34E1,0.652466
491,3D60,0.917969,34FE,0.656006
492,3D80,0.921875,351B,0.659546
493,3DA0,0.925781,3538,0.663086
494,3DC0,0.929688,3555,0.666626
495,3DE0,0.933594,3572,0.670166
496,3E00,0.937500,358F,0.673706
497,3E20,0.941406,35AC,0.677246
498,3E40,0.945312,35C9,0.680786
499,3E60,0.949219,35E6,0.684326
500,3E80,0.953125,3603,0.687866
501,3EA0,0.957031,3621,0.691528
502,3EC0,0.960938,363E,0.695068
503,3EE0,0.964844,365B,0.698608
504,3F00,0.968750,3679,0.702271
505,3F20,0.972656,3696,0.705811
506,3F40,0.976562,36B3,0.709351
507,3F60,0.980469,36D1,0.713013
508,3F80,0.984375,36EE,0.716553
509,3FA0,0.988281,370C,0.720215
510,3FC0,0.992188,372A,0.723877
511,3FE0,0.996094,3747,0.727417
512,4000,1.000000,3765,0.731079
513,4020,1.007812,37A0,0.738281
514,4040,1.015625,37DC,0.745605
515,4060,1.023438,3818,0.752930
516,4080,1.031250,3854,0.760254
517,40A0,1.039062,3890,0.767578
518,40C0,1.046875,38CC,0.774902
519,40E0,1.054688,3908,0.782227
520,4100,1.062500,3945,0.789673
521,4120,1.070312,3981,0.796997
522,4140,1.078125,39BE,0.804443
523,4160,1.085938,39FB,0.811890
524,4180,1.093750,3A38,0.819336
525,41A0,1.101562,3A75,0.826782
526,41C0,1.109375,3AB2,0.834229
527,41E0,1.117188,3AF0,0.841797
528,4200,1.125000,3B2D,0.849243
529,4220,1.132812,3B6B,0.856812
530,4240,1.140625,3BA9,0.864380
531,4260,1.148438,3BE7,0.871948
532,4280,1.156250,3C25,0.879517
533,42A0,1.164062,3C63,0.887085
534,42C0,1.171875,3CA1,0.894653
535,42E0,1.179688,3CE0,0.902344
536,4300,1.187500,3D1F,0.910034
537,4320,1.195312,3D5D,0.917603
538,4340,1.203125,3D9C,0.925293
539,4360,1.210938,3DDB,0.932983
540,4380,1.218750,3E1A,0.940674
541,43A0,1.226562,3E59,0.948364
542,43C0,1.234375,3E99,0.956177
543,43E0,1.242188,3ED8,0.963867
544,4400,1.250000,3F18,0.971680
545,4420,1.257812,3F57,0.979370
546,4440,1.265625,3F97,0.987183
547,4460,1.273438,3FD7,0.994995
548,4480,1.281250,400B,1.002686
549,44A0,1.289062,402B,1.010498
550,44C0,1.296875,404C,1.018555
551,44E0,1.304688,406C,1.026367
552,4500,1.312500,408C,1.034180
553,4520,1.320312,40AC,1.041992
554,4540,1.328125,40CC,1.049805
555,4560,1.335938,40ED,1.057861
556,4580,1.343750,410D,1.065674
557,45A0,1.351562,412E,1.073730
558,45C0,1.359375,414E,1.081543
559,45E0,1.367188,416F,1.089600
560,4600,1.375000,418F,1.097412
561,4620,1.382812,41B0,1.105469
562,4640,1.390625,41D1,1.113525
563,4660,1.398438,41F1,1.121338
564,4680,1.406250,4212,1.129395
565,46A0,1.414062,4233,1.137451
566,46C0,1.421875,4254,1.145508
567,46E0,1.429688,4275,1.153564
568,4700,1.437500,4296,1.161621
569,4720,1.445312,42B7,1.169678
570,4740,1.453125,42D8,1.177734
571,4760,1.460938,42F9,1.185791
572,4780,1.468750,431A,1.193848
573,47A0,1.476562,433B,1.201904
574,47C0,1.484375,435D,1.210205
575,47E0,1.492188,437E,1.218262
576,4800,1.500000,439F,1.226318
577,4820,1.507812,43C1,1.234619
578,4840,1.515625,43E2,1.242676
579,4860,1.523438,4403,1.250732
580,4880,1.531250,4425,1.259033
581,48A0,1.539062,4446,1.267090
582,48C0,1.546875,4468,1.275391
583,48E0,1.554688,4489,1.283447
584,4900,1.562500,44AB,1.291748
585,4920,1.570312,44CD,1.300049
586,4940,1.578125,44EE,1.308105
587,4960,1.585938,4510,1.316406
588,4980,1.593750,4532,1.324707
589,49A0,1.601562,4553,1.332764
590,49C0,1.609375,4575,1.341064
591,49E0,1.617188,4597,1.349365
592,4A00,1.625000,45B9,1.357666
593,4A20,1.632812,45DB,1.365967
594,4A40,1.640625,45FD,1.374268
595,4A60,1.648438,461F,1.382568
596,4A80,1.656250,4641,1.390869
597,4AA0,1.664062,4663,1.399170
598,4AC0,1.671875,4685,1.407471
599,4AE0,1.679688,46A7,1.415771
600,4B00,1.687500,46C9,1.424072
601,4B20,1.695312,46EB,1.432373
602,4B40,1.703125,470D,1.440674
603,4B60,1.710938,472F,1.448975
604,4B80,1.718750,4752,1.457520
605,4BA0,1.726562,4774,1.465820
606,4BC0,1.734375,4796,1.474121
607,4BE0,1.742188,47B8,1.482422
608,4C00,1.750000,47DB,1.490967
609,4C20,1.757812,47FD,1.499268
610,4C40,1.765625,481F,1.507568
611,4C60,1.773438,4842,1.516113
612,4C80,1.781250,4864,1.524414
613,4CA0,1.789062,4887,1.532959
614,4CC0,1.796875,48A9,1.541260
615,4CE0,1.804688,48CC,1.549805
616,4D00,1.812500,48EE,1.558105
617,4D20,1.820312,4911,1.566650
618,4D40,1.828125,4933,1.574951
619,4D60,1.835938,4956,1.583496
620,4D80,1.843750,4978,1.591797
621,4DA0,1.851562,499B,1.600342
622,4DC0,1.859375,49BE,1.608887
623,4DE0,1.867188,49E0,1.617188
624,4E00,1.875000,4A03,1.625732
625,4E20,1.882812,4A26,1.634277
626,4E40,1.890625,4A48,1.642578
627,4E60,1.898438,4A6B,1.651123
628,4E80,1.906250,4A8E,1.659668
629,4EA0,1.914062,4AB0,1.667969
630,4EC0,1.921875,4AD3,1.676514
631,4EE0,1.929688,4AF6,1.685059
632,4F00,1.937500,4B19,1.693604
633,4F20,1.945312,4B3B,1.701904
634,4F40,1.953125,4B5E,1.710449
635,4F60,1.960938,4B81,1.718994
636,4F80,1.968750,4BA4,1.727539
637,4FA0,1.976562,4BC7,1.736084
638,4FC0,1.984375,4BEA,1.744629
639,4FE0,1.992188,4C0D,1.753174
640,5000,2.000000,4C2F,1.761475
641,5020,2.015625,4C75,1.778564
642,5040,2.031250,4CBB,1.795654
643,5060,2.046875,4D01,1.812744
644,5080,2.062500,4D47,1.829834
645,50A0,2.078125,4D8D,1.846924
646,50C0,2.093750,4DD3,1.864014
647,50E0,2.109375,4E19,1.881104
648,5100,2.125000,4E5F,1.898193
649,5120,2.140625,4EA6,1.915527
650,5140,2.156250,4EEC,1.932617
651,5160,2.171875,4F32,1.949707
652,5180,2.187500,4F78,1.966797
653,51A0,2.203125,4FBE,1.983887
654,51C0,2.218750,5002,2.000977
655,51E0,2.234375,5025,2.018066
656,5200,2.250000,5049,2.035645
657,5220,2.265625,506C,2.052734
658,5240,2.281250,508F,2.069824
659,5260,2.296875,50B2,2.086914
660,5280,2.312500,50D5,2.104004
661,52A0,2.328125,50F9,2.121582
662,52C0,2.343750,511C,2.138672
663,52E0,2.359375,513F,2.155762
664,5300,2.375000,5162,2.172852
665,5320,2.390625,5185,2.189941
666,5340,2.406250,51A8,2.207031
667,5360,2.421875,51CC,2.224609
668,5380,2.437500,51EF,2.241699
669,53A0,2.453125,5212,2.258789
670,53C0,2.468750,5235,2.275879
671,53E0,2.484375,5258,2.292969
672,5400,2.500000,527C,2.310547
673,5420,2.515625,529F,2.327637
674,5440,2.531250,52C2,2.344727
675,5460,2.546875,52E5,2.361816
676,5480,2.562500,5308,2.378906
677,54A0,2.578125,532B,2.395996
678,54C0,2.593750,534F,2.413574
679,54E0,2.609375,5372,2.430664
680,5500,2.625000,5395,2.447754
681,5520,2.640625,53B8,2.464844
682,5540,2.656250,53DB,2.481934
683,5560,2.671875,53FE,2.499023
684,5580,2.687500,5421,2.516113
685,55A0,2.703125,5444,2.533203
686,55C0,2.718750,5467,2.550293
687,55E0,2.734375,548B,2.567871
688,5600,2.750000,54AE,2.584961
689,5620,2.765625,54D1,2.602051
690,5640,2.781250,54F4,2.619141
691,5660,2.796875,5517,2.636230
692,5680,2.812500,553A,2.653320
693,56A0,2.828125,555D,2.670410
694,56C0,2.843750,5580,2.687500
695,56E0,2.859375,55A3,2.704590
696,5700,2.875000,55C6,2.721680
697,5720,2.890625,55E8,2.738281
698,5740,2.906250,560B,2.755371
699,5760,2.921875,562E,2.772461
700,5780,2.937500,5651,2.789551
701,57A0,2.953125,5674,2.806641
702,57C0,2.968750,5697,2.823730
703,57E0,2.984375,56BA,2.840820
704,5800,3.000000,56DD,2.857910
705,5820,3.015625,56FF,2.874512
706,5840,3.031250,5722,2.891602
707,5860,3.046875,5745,2.908691
708,5880,3.062500,5768,2.925781
709,58A0,3.078125,578B,2.942871
710,58C0,3.093750,57AD,2.959473
711,58E0,3.109375,57D0,2.976562
712,5900,3.125000,57F3,2.993652
713,5920,3.140625,5815,3.010254
714,5940,3.156250,5838,3.027344
715,5960,3.171875,585B,3.044434
716,5980,3.187500,587D,3.061035
717,59A0,3.203125,58A0,3.078125
718,59C0,3.218750,58C2,3.094727
719,59E0,3.234375,58E5,3.111816
720,5A00,3.250000,5908,3.128906
721,5A20,3.265625,592A,3.145508
722,5A40,3.281250,594D,3.162598
723,5A60,3.296875,596F,3.179199
724,5A80,3.312500,5992,3.196289
725,5AA0,3.328125,59B4,3.212891
726,5AC0,3.343750,59D6,3.229492
727,5AE0,3.359375,59F9,3.246582
728,5B00,3.375000,5A1B,3.263184
729,5B20,3.390625,5A3E,3.280273
730,5B40,3.406250,5A60,3.296875
731,5B60,3.421875,5A82,3.313477
732,5B80,3.437500,5AA5,3.330566
733,5BA0,3.453125,5AC7,3.347168
734,5BC0,3.468750,5AE9,3.363770
735,5BE0,3.484375,5B0C,3.380859
736,5C00,3.500000,5B2E,3.397461
737,5C20,3.515625,5B50,3.414062
738,5C40,3.531250,5B72,3.430664
739,5C60,3.546875,5B95,3.447754
740,5C80,3.562500,5BB7,3.464355
741,5CA0,3.578125,5BD9,3.480957
742,5CC0,3.593750,5BFB,3.497559
743,5CE0,3.609375,5C1D,3.514160
744,5D00,3.625000,5C3F,3.530762
745,5D20,3.640625,5C61,3.547363
746,5D40,3.656250,5C83,3.563965
747,5D60,3.671875,5CA6,3.581055
748,5D80,3.687500,5CC8,3.597656
749,5DA0,3.703125,5CEA,3.614258
750,5DC0,3.718750,5D0C,3.630859
751,5DE0,3.734375,5D2E,3.647461
752,5E00,3.750000,5D50,3.664062
753,5E20,3.765625,5D71,3.680176
754,5E40,3.781250,5D93,3.696777
755,5E60,3.796875,5DB5,3.713379
756,5E80,3.812500,5DD7,3.729980
757,5EA0,3.828125,5DF9,3.746582
758,5EC0,3.843750,5E1B,3.763184
759,5EE0,3.859375,5E3D,3.779785
760,5F00,3.875000,5E5F,3.796387
761,5F20,3.890625,5E80,3.812500
762,5F40,3.906250,5EA2,3.829102
763,5F60,3.921875,5EC4,3.845703
764,5F80,3.937500,5EE6,3.862305
765,5FA0,3.953125,5F08,3.878906
766,5FC0,3.968750,5F29,3.895020
767,5FE0,3.984375,5F4B,3.911621
768,6000,4.000000,5F6D,3.928223
769,6020,4.062500,5FF3,3.993652
770,6040,4.125000,601E,4.058594
771,6060,4.187500,6040,4.125000
772,6080,4.250000,6061,4.189453
773,60A0,4.312500,6083,4.255859
774,60C0,4.375000,60A4,4.320312
775,60E0,4.437500,60C5,4.384766
776,6100,4.500000,60E7,4.451172
777,6120,4.562500,6108,4.515625
778,6140,4.625000,6129,4.580078
779,6160,4.687500,614A,4.644531
780,6180,4.750000,616B,4.708984
781,61A0,4.812500,618C,4.773438
782,61C0,4.875000,61AD,4.837891
783,61E0,4.937500,61CE,4.902344
784,6200,5.000000,61EF,4.966797
785,6220,5.062500,6210,5.031250
786,6240,5.125000,6230,5.093750
787,6260,5.187500,6251,5.158203
788,6280,5.250000,6272,5.222656
789,62A0,5.312500,6293,5.287109
790,62C0,5.375000,62B3,5.349609
791,62E0,5.437500,62D4,5.414062
792,6300,5.500000,62F5,5.478516
793,6320,5.562500,6315,5.541016
794,6340,5.625000,6336,5.605469
795,6360,5.687500,6356,5.667969
796,6380,5.750000,6377,5.732422
797,63A0,5.812500,6397,5.794922
798,63C0,5.875000,63B8,5.859375
799,63E0,5.937500,63D8,5.921875
800,6400,6.000000,63F8,5.984375
801,6420,6.062500,6419,6.048828
802,6440,6.125000,6439,6.111328
803,6460,6.187500,645A,6.175781
804,6480,6.250000,647A,6.238281
805,64A0,6.312500,649A,6.300781
806,64C0,6.375000,64BA,6.363281
807,64E0,6.437500,64DB,6.427734
808,6500,6.500000,64FB,6.490234
809,6520,6.562500,651B,6.552734
810,6540,6.625000,653C,6.617188
811,6560,6.687500,655C,6.679688
812,6580,6.750000,657C,6.742188
813,65A0,6.812500,659C,6.804688
814,65C0,6.875000,65BC,6.867188
815,65E0,6.937500,65DD,6.931641
816,6600,7.000000,65FD,6.994141
817,6620,7.062500,661D,7.056641
818,6640,7.125000,663D,7.119141
819,6660,7.187500,665D,7.181641
820,6680,7.250000,667D,7.244141
821,66A0,7.312500,669E,7.308594
822,66C0,7.375000,66BE,7.371094
823,66E0,7.437500,66DE,7.433594
824,6700,7.500000,66FE,7.496094
825,6720,7.562500,671E,7.558594
826,6740,7.625000,673E,7.621094
827,6760,7.687500,675E,7.683594
828,6780,7.750000,677E,7.746094
829,67A0,7.812500,679E,7.808594
830,67C0,7.875000,67BE,7.871094
831,67E0,7.937500,67DF,7.935547
832,6800,8.000000,67FF,7.998047
833,6820,8.125000,681F,8.121094
834,6840,8.250000,683F,8.246094
835,6860,8.375000,6860,8.375000
836,6880,8.500000,6880,8.500000
837,68A0,8.625000,68A0,8.625000
838,68C0,8.750000,68C0,8.750000
839,68E0,8.875000,68E0,8.875000
840,6900,9.000000,6900,9.000000
841,6920,9.125000,6920,9.125000
842,6940,9.250000,6940,9.250000
843,6960,9.375000,6960,9.375000
844,6980,9.500000,6980,9.500000
845,69A0,9.625000,69A0,9.625000
846,69C0,9.750000,69C0,9.750000
847,69E0,9.875000,69E0,9.875000
848,6A00,10.000000,6A00,10.000000
849,6A20,10.125000,6A20,10.125000
850,6A40,10.250000,6A40,10.250000
851,6A60,10.375000,6A60,10.375000
852,6A80,10.500000,6A80,10.500000
853,6AA0,10.625000,6AA0,10.625000
854,6AC0,10.750000,6AC0,10.750000
855,6AE0,10.875000,6AE0,10.875000
856,6B00,11.000000,6B00,11.000000
857,6B20,11.125000,6B20,11.125000
858,6B40,11.250000,6B40,11.250000
859,6B60,11.375000,6B60,11.375000
860,6B80,11.500000,6B80,11.500000
861,6BA0,11.625000,6BA0,11.625000
862,6BC0,11.750000,6BC0,11.750000
863,6BE0,11.875000,6BE0,11.875000
864,6C00,12.000000,6C00,12.000000
865,6C20,12.125000,6C20,12.125000
866,6C40,12.250000,6C40,12.250000
867,6C60,12.375000,6C60,12.375000
868,6C80,12.500000,6C80,12.500000
869,6CA0,12.625000,6CA0,12.625000
870,6CC0,12.750000,6CC0,12.750000
871,6CE0,12.875000,6CE0,12.875000
872,6D00,13.000000,6D00,13.000000
873,6D20,13.125000,6D20,13.125000
874,6D40,13.250000,6D40,13.250000
875,6D60,13.375000,6D60,13.375000
876,6D80,13.500000,6D80,13.500000
877,6DA0,13.625000,6DA0,13.625000
878,6DC0,13.750000,6DC0,13.750000
879,6DE0,13.875000,6DE0,13.875000
880,6E00,14.000000,6E00,14.000000
881,6E20,14.125000,6E20,14.125000
882,6E40,14.250000,6E40,14.250000
883,6E60,14.375000,6E60,14.375000
884,6E80,14.500000,6E80,14.500000
885,6EA0,14.625000,6EA0,14.625000
886,6EC0,14.750000,6EC0,14.750000
887,6EE0,14.875000,6EE0,14.875000
888,6F00,15.000000,6F00,15.000000
889,6F20,15.125000,6F20,15.125000
890,6F40,15.250000,6F40,15.250000
891,6F60,15.375000,6F60,15.375000
892,6F80,15.500000,6F80,15.500000
893,6FA0,15.625000,6FA0,15.625000
894,6FC0,15.750000,6FC0,15.750000
895,6FE0,15.875000,6FE0,15.875000
896,7000,16.000000,6FFF,15.996094
897,7020,16.500000,7020,16.500000
898,7040,17.000000,7040,17.000000
899,7060,17.500000,7060,17.500000
900,7080,18.000000,7080,18.000000
901,70A0,18.500000,70A0,18.500000
902,70C0,19.000000,70C0,19.000000
903,70E0,19.500000,70E0,19.500000
904,7100,20.000000,7100,20.000000
905,7120,20.500000,7120,20.500000
906,7140,21.000000,7140,21.000000
907,7160,21.500000,7160,21.500000
908,7180,22.000000,7180,22.000000
909,71A0,22.500000,71A0,22.500000
910,71C0,23.000000,71C0,23.000000
911,71E0,23.500000,71E0,23.500000
912,7200,24.000000,7200,24.000000
913,7220,24.500000,7220,24.500000
914,7240,25.000000,7240,25.000000
915,7260,25.500000,7260,25.500000
916,7280,26.000000,7280,26.000000
917,72A0,26.500000,72A0,26.500000
918,72C0,27.000000,72C0,27.000000
919,72E0,27.500000,72E0,27.500000
920,7300,28.000000,7300,28.000000
921,7320,28.500000,7320,28.500000
922,7340,29.000000,7340,29.000000
923,7360,29.500000,7360,29.500000
924,7380,30.000000,7380,30.000000
925,73A0,30.500000,73A0,30.500000
926,73C0,31.000000,73C0,31.000000
927,73E0,31.500000,73E0,31.500000
928,7400,32.000000,7400,32.000000
929,7420,33.000000,7420,33.000000
930,7440,34.000000,7440,34.000000
931,7460,35.000000,7460,35.000000
932,7480,36.000000,7480,36.000000
933,74A0,37.000000,74A0,37.000000
934,74C0,38.000000,74C0,38.000000
935,74E0,39.000000,74E0,39.000000
936,7500,40.000000,7500,40.000000
937,7520,41.000000,7520,41.000000
938,7540,42.000000,7540,42.000000
939,7560,43.000000,7560,43.000000
940,7580,44.000000,7580,44.000000
941,75A0,45.000000,75A0,45.000000
942,75C0,46.000000,75C0,46.000000
943,75E0,47.000000,75E0,47.000000
944,7600,48.000000,7600,48.000000
945,7620,49.000000,7620,49.000000
946,7640,50.000000,7640,50.000000
947,7660,51.000000,7660,51.000000
948,7680,52.000000,7680,52.000000
949,76A0,53.000000,76A0,53.000000
950,76C0,54.000000,76C0,54.000000
951,76E0,55.000000,76E0,55.000000
952,7700,56.000000,7700,56.000000
953,7720,57.000000,7720,57.000000
954,7740,58.000000,7740,58.000000
955,7760,59.000000,7760,59.000000
956,7780,60.000000,7780,60.000000
957,77A0,61.000000,77A0,61.000000
958,77C0,62.000000,77C0,62.000000
959,77E0,63.000000,77E0,63.000000
960,7800,64.000000,7800,64.000000
961,7820,68.000000,7800,64.000000
962,7840,72.000000,7800,64.000000
963,7860,76.000000,7800,64.000000
964,7880,80.000000,7800,64.000000
965,78A0,84.000000,7800,64.000000
966,78C0,88.000000,7800,64.000000
967,78E0,92.000000,7800,64.000000
968,7900,96.000000,7800,64.000000
969,7920,100.000000,7800,64.000000
970,7940,104.000000,7800,64.000000
971,7960,108.000000,7800,64.000000
972,7980,112.000000,7800,64.000000
973,79A0,116.000000,7800,64.000000
974,79C0,120.000000,7800,64.000000
975,79E0,124.000000,7800,64.000000
976,7A00,128.000000,7800,64.000000
977,7A20,136.000000,7800,64.000000
978,7A40,144.000000,7800,64.000000
979,7A60,152.000000,7800,64.000000
980,7A80,160.000000,7800,64.000000
981,7AA0,168.000000,7800,64.000000
982,7AC0,176.000000,7800,64.000000
983,7AE0,184.000000,7800,64.000000
984,7B00,192.000000,7800,64.000000
985,7B20,200.000000,7800,64.000000
986,7B40,208.000000,7800,64.000000
987,7B60,216.000000,7800,64.000000
988,7B80,224.000000,7800,64.000000
989,7BA0,232.000000,7800,64.000000
990,7BC0,240.000000,7800,64.000000
991,7BE0,248.000000,7800,64.000000
992,7C00,64.000000,7800,64.000000
993,7C20,72.000000,7800,64.000000
994,7C40,80.000000,7800,64.000000
995,7C60,88.000000,7800,64.000000
996,7C80,96.000000,7800,64.000000
997,7CA0,104.000000,7800,64.000000
998,7CC0,112.000000,7800,64.000000
999,7CE0,120.000000,7800,64.000000
1000,7D00,128.000000,7800,64.000000
1001,7D20,144.000000,7800,64.000000
1002,7D40,160.000000,7800,64.000000
1003,7D60,176.000000,7800,64.000000
1004,7D80,192.000000,7800,64.000000
1005,7DA0,208.000000,7800,64.000000
1006,7DC0,224.000000,7800,64.000000
1007,7DE0,240.000000,7800,64.000000
1008,7E00,64.000000,7800,64.000000
1009,7E20,80.000000,7800,64.000000
1010,7E40,96.000000,7800,64.000000
1011,7E60,112.000000,7800,64.000000
1012,7E80,128.000000,7800,64.000000
1013,7EA0,160.000000,7800,64.000000
1014,7EC0,192.000000,7800,64.000000
1015,7EE0,224.000000,7800,64.000000
1016,7F00,64.000000,7800,64.000000
1017,7F20,96.000000,7800,64.000000
1018,7F40,128.000000,7800,64.000000
1019,7F60,192.000000,7800,64.000000
1020,7F80,64.000000,7800,64.000000
1021,7FA0,128.000000,7800,64.000000
1022,7FC0,64.000000,7800,64.000000
1023,7FE0,64.000000,7800,64.000000
